zip,city,county
77002,Houston,Harris
77003,Houston,Harris
77004,Houston,Harris
77005,Houston,Harris
77006,Houston,Harris
77007,Houston,Harris
77008,Houston,Harris
77009,Houston,Harris
77010,Houston,Harris
77011,Houston,Harris
77012,Houston,Harris
77013,Houston,Harris
77014,Houston,Harris
77015,Houston,Harris
77016,Houston,Harris
77017,Houston,Harris
77018,Houston,Harris
77019,Houston,Harris
77020,Houston,Harris
77021,Houston,Harris
77022,Houston,Harris
77023,Houston,Harris
77024,Houston,Harris
77025,Houston,Harris
77026,Houston,Harris
77027,Houston,Harris
77028,Houston,Harris
77029,Houston,Harris
77030,Houston,Harris
77031,Houston,Harris
77032,Houston,Harris
77033,Houston,Harris
77034,Houston,Harris
77035,Houston,Harris
77036,Houston,Harris
77037,Houston,Harris
77038,Houston,Harris
77039,Houston,Harris
77040,Houston,Harris
77041,Houston,Harris
77042,Houston,Harris
77043,Houston,Harris
77044,Houston,Harris
77045,Houston,Harris
77046,Houston,Harris
77047,Houston,Harris
77048,Houston,Harris
77049,Houston,Harris
77050,Houston,Harris
77051,Houston,Harris
77053,Houston,Fort Bend
77054,Houston,Harris
77055,Houston,Harris
77056,Houston,Harris
77057,Houston,Harris
77058,Houston,Harris
77059,Houston,Harris
77060,Houston,Harris
77061,Houston,Harris
77062,Houston,Harris
77063,Houston,Harris
77064,Houston,Harris
77065,Houston,Harris
77066,Houston,Harris
77067,Houston,Harris
77068,Houston,Harris
77069,Houston,Harris
77070,Houston,Harris
77071,Houston,Harris
77072,Houston,Harris
77073,Houston,Harris
77074,Houston,Harris
77075,Houston,Harris
77076,Houston,Harris
77077,Houston,Harris
77078,Houston,Harris
77079,Houston,Harris
77080,Houston,Harris
77081,Houston,Harris
77082,Houston,Harris
77083,Houston,Harris
77084,Houston,Harris
77085,Houston,Harris
77086,Houston,Harris
77087,Houston,Harris
77088,Houston,Harris
77089,Houston,Harris
77090,Houston,Harris
77091,Houston,Harris
77092,Houston,Harris
77093,Houston,Harris
77094,Houston,Harris
77095,Houston,Harris
77096,Houston,Harris
77098,Houston,Harris
77099,Houston,Harris
77204,Houston,Harris
77301,Conroe,Montgomery
77302,Conroe,Montgomery
77303,Conroe,Montgomery
77304,Conroe,Montgomery
77306,Conroe,Montgomery
77316,Montgomery,Montgomery
77318,Willis,Montgomery
77327,Cleveland,Liberty
77328,Cleveland,San Jacinto
77336,Huffman,Harris
77338,Humble,Harris
77339,Kingwood,Harris
77345,Kingwood,Harris
77346,Humble,Harris
77354,Magnolia,Montgomery
77355,Magnolia,Montgomery
77356,Montgomery,Montgomery
77357,New Caney,Montgomery
77358,New Waverly,Walker
77362,Pinehurst,Montgomery
77363,Plantersville,Grimes
77365,Porter,Montgomery
77368,Romayor,Liberty
77369,Rye,Liberty
77371,Shepherd,San Jacinto
77372,Splendora,Montgomery
77373,Spring,Harris
77375,Tomball,Harris
77377,Tomball,Harris
77378,Willis,Montgomery
77379,Spring,Harris
77380,Spring,Montgomery
77381,Spring,Montgomery
77382,Spring,Montgomery
77384,Conroe,Montgomery
77385,Conroe,Montgomery
77386,Spring,Montgomery
77388,Spring,Harris
77389,Spring,Harris
77396,Humble,Harris
77401,Bellaire,Harris
77406,Richmond,Fort Bend
77407,Richmond,Fort Bend
77417,Beasley,Fort Bend
77418,Bellville,Austin
77420,Boling,Wharton
77422,Brazoria,Brazoria
77423,Brookshire,Waller
77426,Chappell Hill,Washington
77429,Cypress,Harris
77430,Damon,Brazoria
77431,Danciger,Brazoria
77433,Cypress,Harris
77434,Eagle Lake,Colorado
77435,East Bernard,Wharton
77436,Egypt,Wharton
77441,Fulshear,Fort Bend
77443,Glen Flora,Wharton
77444,Guy,Fort Bend
77445,Hempstead,Waller
77446,Prairie View,Waller
77447,Hockley,Harris
77448,Hungerford,Wharton
77449,Katy,Harris
77450,Katy,Harris
77451,Kendleton,Fort Bend
77453,Lane City,Wharton
77454,Lissie,Wharton
77459,Missouri City,Fort Bend
77461,Needville,Fort Bend
77464,Orchard,Fort Bend
77466,Pattison,Waller
77468,Pledger,Matagorda
77469,Richmond,Fort Bend
77471,Rosenberg,Fort Bend
77473,San Felipe,Austin
77474,Sealy,Austin
77476,Simonton,Fort Bend
77477,Stafford,Fort Bend
77478,Sugar Land,Fort Bend
77479,Sugar Land,Fort Bend
77480,Sweeny,Brazoria
77481,Thompsons,Fort Bend
77482,Van Vleck,Matagorda
77484,Waller,Waller
77485,Wallis,Austin
77486,West Columbia,Brazoria
77488,Wharton,Wharton
77489,Missouri City,Fort Bend
77493,Katy,Harris
77494,Katy,Fort Bend
77498,Sugar Land,Fort Bend
77502,Pasadena,Harris
77503,Pasadena,Harris
77504,Pasadena,Harris
77505,Pasadena,Harris
77506,Pasadena,Harris
77507,Pasadena,Harris
77510,Santa Fe,Galveston
77511,Alvin,Brazoria
77514,Anahuac,Chambers
77515,Angleton,Brazoria
77517,Santa Fe,Galveston
77518,Bacliff,Galveston
77519,Batson,Hardin
77520,Baytown,Harris
77521,Baytown,Harris
77523,Baytown,Chambers
77530,Channelview,Harris
77531,Clute,Brazoria
77532,Crosby,Harris
77533,Daisetta,Liberty
77534,Danbury,Brazoria
77535,Dayton,Liberty
77536,Deer Park,Harris
77538,Devers,Liberty
77539,Dickinson,Galveston
77541,Freeport,Brazoria
77545,Fresno,Fort Bend
77546,Friendswood,Galveston
77547,Galena Park,Harris
77550,Galveston,Galveston
77551,Galveston,Galveston
77554,Galveston,Galveston
77555,Galveston,Galveston
77560,Hankamer,Chambers
77561,Hardin,Liberty
77562,Highlands,Harris
77563,Hitchcock,Galveston
77564,Hull,Liberty
77565,Kemah,Galveston
77566,Lake Jackson,Brazoria
77568,La Marque,Galveston
77571,La Porte,Harris
77573,League City,Galveston
77575,Liberty,Liberty
77577,Liverpool,Brazoria
77578,Manvel,Brazoria
77580,Mont Belvieu,Chambers
77581,Pearland,Brazoria
77582,Raywood,Liberty
77583,Rosharon,Brazoria
77584,Pearland,Brazoria
77586,Seabrook,Harris
77587,South Houston,Harris
77590,Texas City,Galveston
77591,Texas City,Galveston
77597,Wallisville,Chambers
77598,Webster,Harris
77617,Gilchrist,Galveston
77623,High Island,Galveston
77629,Nome,Jefferson
77650,Port Bolivar,Galveston
77665,Winnie,Chambers
77868,Navasota,Grimes
78933,Cat Spring,Colorado
