zip,city,county,market_code
31547,Kings Bay,Camden,JAX
31548,Kingsland,Camden,JAX
31558,St Marys,Camden,JAX
31562,Saint George,Charlton,JAX
32003,Fleming Island,Clay,JAX
32009,Bryceville,Nassau,JAX
32011,Callahan,Nassau,JAX
32025,Lake City,Columbia,JAX
32026,Raiford,Union,JAX
32033,Elkton,St Johns,JAX
32034,Fernandina Beach,Nassau,JAX
32040,Glen Saint Mary,Baker,JAX
32043,Green Cove Springs,Clay,JAX
32044,Hampton,Bradford,JAX
32046,Hilliard,Nassau,JAX
32054,Lake Butler,Union,JAX
32055,Lake City,Columbia,JAX
32058,Lawtey,Bradford,JAX
32061,Lulu,Columbia,JAX
32063,Macclenny,Baker,JAX
32065,Orange Park,Clay,JAX
32068,Middleburg,Clay,JAX
32072,Olustee,Baker,JAX
32073,Orange Park,Clay,JAX
32079,Penney Farms,Clay,JAX
32080,St Augustine,St Johns,JAX
32081,Nocatee,St Johns,JAX
32082,Ponte Vedra Beach,St Johns,JAX
32083,Raiford,Union,JAX
32084,St Augustine,St Johns,JAX
32086,St Augustine,St Johns,JAX
32087,Sanderson,Baker,JAX
32091,Starke,Bradford,JAX
32092,St Augustine,St Johns,JAX
32095,St Augustine,St Johns,JAX
32097,Yulee,Nassau,JAX
32102,Astor,Lake,ORL
32110,Bunnell,Flagler,JAX
32111,Candler,Marion,ORL
32112,Crescent City,Putnam,JAX
32113,De Leon Springs,Volusia,JAX
32114,Daytona Beach,Volusia,JAX
32117,Daytona Beach,Volusia,JAX
32118,Daytona Beach Shores,Volusia,JAX
32124,DeLand,Volusia,JAX
32130,Eustis,Lake,JAX
32131,Paola,Lake,JAX
32133,Eastlake Weir,Marion,ORL
32134,Fort Mc Coy,Marion,ORL
32136,Umatilla,Lake,JAX
32137,Palm Coast,Flagler,JAX
32139,Georgetown,Putnam,JAX
32140,Palm Coast,Flagler,JAX
32145,Hastings,St Johns,JAX
32147,Lake Panasoffkee,Sumter,JAX
32148,Leesburg,Lake,JAX
32157,Mount Dora,Lake,JAX
32158,Lady Lake,Lake,ORL
32159,Lady Lake,Lake,ORL
32162,The Villages,Sumter,ORL
32163,The Villages,Sumter,ORL
32164,Ocklawaha,Marion,JAX
32174,Ormond Beach,Volusia,JAX
32176,Ormond Beach,Volusia,JAX
32177,Palatka,Putnam,JAX
32179,Ocklawaha,Marion,ORL
32180,Pierson,Volusia,JAX
32181,Pomona Park,Putnam,JAX
32182,Orange Springs,Marion,JAX
32183,Ocklawaha,Marion,ORL
32187,San Mateo,Putnam,JAX
32189,Satsuma,Putnam,JAX
32190,Seville,Volusia,JAX
32192,Sparr,Marion,ORL
32193,Welaka,Putnam,JAX
32195,Weirsdale,Marion,ORL
32202,Jacksonville,Duval,JAX
32203,Jacksonville,Duval,JAX
32204,Jacksonville,Duval,JAX
32205,Jacksonville,Duval,JAX
32206,Jacksonville,Duval,JAX
32207,Jacksonville,Duval,JAX
32208,Jacksonville,Duval,JAX
32209,Jacksonville,Duval,JAX
32210,Jacksonville,Duval,JAX
32211,Jacksonville,Duval,JAX
32212,Jacksonville,Duval,JAX
32214,Jacksonville,Duval,JAX
32216,Jacksonville,Duval,JAX
32217,Jacksonville,Duval,JAX
32218,Jacksonville,Duval,JAX
32219,Jacksonville,Duval,JAX
32220,Jacksonville,Duval,JAX
32221,Jacksonville,Duval,JAX
32222,Jacksonville,Duval,JAX
32223,Jacksonville,Duval,JAX
32224,Jacksonville,Duval,JAX
32225,Jacksonville,Duval,JAX
32226,Jacksonville,Duval,JAX
32227,Jacksonville,Duval,JAX
32228,Jacksonville,Duval,JAX
32233,Jacksonville,Duval,JAX
32234,Jacksonville,Duval,JAX
32244,Jacksonville,Duval,JAX
32246,Jacksonville,Duval,JAX
32250,Jacksonville,Duval,JAX
32254,Jacksonville,Duval,JAX
32256,Jacksonville,Duval,JAX
32257,Jacksonville,Duval,JAX
32258,Jacksonville,Duval,JAX
32259,St Johns,St Johns,JAX
32266,Jacksonville,Duval,JAX
32277,Jacksonville,Duval,JAX
32601,Gainesville,Alachua,JAX
32603,Gainesville,Alachua,JAX
32605,Gainesville,Alachua,JAX
32606,Gainesville,Alachua,JAX
32607,Gainesville,Alachua,JAX
32608,Gainesville,Alachua,JAX
32609,Gainesville,Alachua,JAX
32610,Gainesville,Alachua,JAX
32612,Gainesville,Alachua,JAX
32615,Alachua,Alachua,JAX
32617,Anthony,Marion,ORL
32622,Brooker,Bradford,JAX
32631,Earleton,Alachua,JAX
32634,Fairfield,Marion,JAX
32640,Hawthorne,Alachua,JAX
32641,High Springs,Alachua,JAX
32653,Gainesville,Alachua,JAX
32656,Keystone Heights,Clay,JAX
32658,La Crosse,Alachua,JAX
32664,Newberry,Alachua,JAX
32666,Micanopy,Alachua,JAX
32667,Melrose,Putnam,JAX
32681,Orange Lake,Alachua,JAX
32686,Reddick,Marion,JAX
32694,Waldo,Alachua,JAX
32697,Worthington Springs,Union,JAX
32701,Altamonte Springs,Seminole,ORL
32702,Altoona,Lake,ORL
32703,Apopka,Orange,ORL
32704,Apopka,Orange,ORL
32707,Casselberry,Seminole,ORL
32708,Winter Springs,Seminole,ORL
32709,Christmas,Orange,ORL
32710,Clarcona,Orange,ORL
32712,Apopka,Seminole,ORL
32714,Altamonte Springs,Seminole,ORL
32715,Altamonte Springs,Seminole,ORL
32716,Altamonte Springs,Seminole,ORL
32718,Casselberry,Seminole,ORL
32719,Winter Springs,Seminole,ORL
32720,Deland,Lake,ORL
32726,Eustis,Lake,ORL
32727,Eustis,Lake,ORL
32730,Casselberry,Seminole,ORL
32732,Geneva,Seminole,ORL
32733,Goldenrod,Seminole,ORL
32735,Grand Island,Lake,ORL
32736,Eustis,Lake,ORL
32745,Mid Florida,Seminole,ORL
32746,Lake Mary,Seminole,ORL
32747,Lake Monroe,Seminole,ORL
32750,Longwood,Seminole,ORL
32751,Maitland,Orange,ORL
32752,Longwood,Seminole,ORL
32756,Mount Dora,Lake,ORL
32757,Mount Dora,Lake,ORL
32762,Oviedo,Seminole,ORL
32765,Oviedo,Seminole,ORL
32766,Oviedo,Seminole,ORL
32767,Paisley,Lake,ORL
32768,Plymouth,Orange,ORL
32771,Sanford,Seminole,ORL
32772,Sanford,Seminole,ORL
32773,Sanford,Seminole,ORL
32776,Sorrento,Lake,ORL
32777,Tangerine,Orange,ORL
32778,Tavares,Lake,ORL
32779,Longwood,Seminole,ORL
32784,Umatilla,Lake,ORL
32789,Winter Park,Orange,ORL
32790,Winter Park,Orange,ORL
32791,Longwood,Seminole,ORL
32792,Winter Park,Orange,ORL
32793,Winter Park,Orange,ORL
32794,Maitland,Orange,ORL
32795,Lake Mary,Seminole,ORL
32798,Zellwood,Orange,ORL
32799,Mid Florida,Seminole,ORL
32801,Orlando,Orange,ORL
32802,Orlando,Orange,ORL
32803,Orlando,Orange,ORL
32804,Orlando,Orange,ORL
32805,Orlando,Orange,ORL
32806,Orlando,Orange,ORL
32807,Orlando,Orange,ORL
32808,Orlando,Orange,ORL
32809,Orlando,Orange,ORL
32810,Orlando,Orange,ORL
32811,Orlando,Orange,ORL
32812,Orlando,Orange,ORL
32814,Orlando,Orange,ORL
32816,Orlando,Orange,ORL
32817,Orlando,Orange,ORL
32818,Orlando,Orange,ORL
32819,Orlando,Orange,ORL
32820,Orlando,Orange,ORL
32821,Orlando,Orange,ORL
32822,Orlando,Orange,ORL
32824,Orlando,Orange,ORL
32825,Orlando,Orange,ORL
32826,Orlando,Orange,ORL
32827,Orlando,Orange,ORL
32828,Orlando,Orange,ORL
32829,Orlando,Orange,ORL
32830,Orlando,Orange,ORL
32831,Orlando,Orange,ORL
32832,Orlando,Orange,ORL
32833,Orlando,Orange,ORL
32834,Orlando,Orange,ORL
32835,Orlando,Orange,ORL
32836,Orlando,Orange,ORL
32837,Orlando,Orange,ORL
32839,Orlando,Orange,ORL
32853,Orlando,Orange,ORL
32854,Orlando,Orange,ORL
32855,Orlando,Orange,ORL
32856,Orlando,Orange,ORL
32857,Orlando,Orange,ORL
32858,Orlando,Orange,ORL
32859,Orlando,Orange,ORL
32860,Orlando,Orange,ORL
32861,Orlando,Orange,ORL
32862,Orlando,Orange,ORL
32867,Orlando,Orange,ORL
32868,Orlando,Orange,ORL
32869,Orlando,Orange,ORL
32872,Orlando,Orange,ORL
32877,Orlando,Orange,ORL
32878,Orlando,Orange,ORL
32885,Orlando,Orange,ORL
32886,Orlando,Orange,ORL
32887,Orlando,Orange,ORL
32891,Orlando,Orange,ORL
32896,Orlando,Orange,ORL
32897,Orlando,Orange,ORL
33001,Key Largo,Monroe,MIAMI
33002,Hialeah,Miami-Dade,MIAMI
33004,Dania,Broward,FTLAU
33008,Hallandale,Broward,FTLAU
33009,Hallandale,Broward,FTLAU
33010,Hialeah,Miami-Dade,MIAMI
33011,Hialeah,Miami-Dade,MIAMI
33012,Hialeah,Miami-Dade,MIAMI
33013,Hialeah,Miami-Dade,MIAMI
33014,Hialeah,Miami-Dade,MIAMI
33015,Hialeah,Miami-Dade,MIAMI
33016,Hialeah,Miami-Dade,MIAMI
33017,Hialeah,Miami-Dade,MIAMI
33018,Hialeah,Miami-Dade,MIAMI
33019,Hollywood,Broward,FTLAU
33020,Hollywood,Broward,FTLAU
33021,Hollywood,Broward,FTLAU
33022,Hollywood,Broward,FTLAU
33023,Hollywood,Broward,FTLAU
33024,Hollywood,Broward,FTLAU
33025,Hollywood,Broward,FTLAU
33026,Hollywood,Broward,FTLAU
33027,Hollywood,Broward,FTLAU
33028,Hollywood,Broward,FTLAU
33029,Hollywood,Broward,FTLAU
33030,Homestead,Miami-Dade,MIAMI
33031,Homestead,Miami-Dade,MIAMI
33032,Homestead,Miami-Dade,MIAMI
33033,Homestead,Miami-Dade,MIAMI
33034,Homestead,Miami-Dade,MIAMI
33036,Tavernier,Monroe,MIAMI
33037,Key Largo,Monroe,MIAMI
33039,Homestead,Miami-Dade,MIAMI
33050,Marathon,Monroe,MIAMI
33051,Key Colony Beach,Monroe,MIAMI
33053,Vaca Key,Monroe,MIAMI
33060,Pompano Beach,Broward,FTLAU
33061,Pompano Beach,Broward,FTLAU
33062,Pompano Beach,Broward,FTLAU
33063,Pompano Beach,Broward,FTLAU
33064,Pompano Beach,Broward,FTLAU
33065,Pompano Beach,Broward,FTLAU
33066,Pompano Beach,Broward,FTLAU
33067,Pompano Beach,Broward,FTLAU
33068,Pompano Beach,Broward,FTLAU
33069,Pompano Beach,Broward,FTLAU
33070,Plantation Key,Monroe,MIAMI
33071,Pompano Beach,Broward,FTLAU
33072,Pompano Beach,Broward,FTLAU
33073,Pompano Beach,Broward,FTLAU
33074,Pompano Beach,Broward,FTLAU
33075,Coral Springs,Broward,FTLAU
33076,Pompano Beach,Broward,FTLAU
33077,Pompano Beach,Broward,FTLAU
33081,Hollywood,Broward,FTLAU
33082,Pembroke Pines,Broward,FTLAU
33083,Hollywood,Broward,FTLAU
33084,Hollywood,Broward,FTLAU
33090,Homestead,Miami-Dade,MIAMI
33092,Homestead,Miami-Dade,MIAMI
33093,Margate,Broward,FTLAU
33097,Coconut Creek,Broward,FTLAU
33101,Miami,Miami-Dade,MIAMI
33102,Miami,Miami-Dade,MIAMI
33106,Miami,Miami-Dade,MIAMI
33107,Miami,Miami-Dade,MIAMI
33110,Miami,Miami-Dade,MIAMI
33111,Miami,Miami-Dade,MIAMI
33112,Miami,Miami-Dade,MIAMI
33114,Coral Gables,Miami-Dade,MIAMI
33116,Miami,Miami-Dade,MIAMI
33121,Miami,Miami-Dade,MIAMI
33122,Miami,Miami-Dade,MIAMI
33124,Miami,Miami-Dade,MIAMI
33125,Miami,Miami-Dade,MIAMI
33126,Miami,Miami-Dade,MIAMI
33127,Miami,Miami-Dade,MIAMI
33128,Miami,Miami-Dade,MIAMI
33129,Miami,Miami-Dade,MIAMI
33130,Miami,Miami-Dade,MIAMI
33131,Miami,Miami-Dade,MIAMI
33132,Miami,Miami-Dade,MIAMI
33133,Miami,Miami-Dade,MIAMI
33135,Miami,Miami-Dade,MIAMI
33136,Miami,Miami-Dade,MIAMI
33137,Miami,Miami-Dade,MIAMI
33138,Miami,Miami-Dade,MIAMI
33142,Miami,Miami-Dade,MIAMI
33143,Miami,Miami-Dade,MIAMI
33144,Miami,Miami-Dade,MIAMI
33147,Miami,Miami-Dade,MIAMI
33148,Miami,Miami-Dade,MIAMI
33150,Miami,Miami-Dade,MIAMI
33151,Miami,Miami-Dade,MIAMI
33152,Miami,Miami-Dade,MIAMI
33153,Miami,Miami-Dade,MIAMI
33155,Miami,Miami-Dade,MIAMI
33156,Miami,Miami-Dade,MIAMI
33157,Miami,Miami-Dade,MIAMI
33158,Miami,Miami-Dade,MIAMI
33159,Miami,Miami-Dade,MIAMI
33160,North Miami Beach,Miami-Dade,MIAMI
33161,Miami,Miami-Dade,MIAMI
33162,Miami,Miami-Dade,MIAMI
33163,Miami,Miami-Dade,MIAMI
33164,Miami,Miami-Dade,MIAMI
33165,Miami,Miami-Dade,MIAMI
33166,Miami,Miami-Dade,MIAMI
33167,Miami,Miami-Dade,MIAMI
33168,Miami,Miami-Dade,MIAMI
33169,Miami,Miami-Dade,MIAMI
33170,Miami,Miami-Dade,MIAMI
33172,Miami,Miami-Dade,MIAMI
33173,Miami,Miami-Dade,MIAMI
33174,Miami,Miami-Dade,MIAMI
33175,Miami,Miami-Dade,MIAMI
33176,Miami,Miami-Dade,MIAMI
33177,Miami,Miami-Dade,MIAMI
33178,Miami,Miami-Dade,MIAMI
33179,Miami,Miami-Dade,MIAMI
33180,Miami,Miami-Dade,MIAMI
33181,Miami,Miami-Dade,MIAMI
33182,Miami,Miami-Dade,MIAMI
33183,Miami,Miami-Dade,MIAMI
33184,Miami,Miami-Dade,MIAMI
33185,Miami,Miami-Dade,MIAMI
33186,Miami,Miami-Dade,MIAMI
33187,Miami,Miami-Dade,MIAMI
33188,Miami,Miami-Dade,MIAMI
33189,Miami,Miami-Dade,MIAMI
33190,Miami,Miami-Dade,MIAMI
33191,Miami,Miami-Dade,MIAMI
33192,Miami,Miami-Dade,MIAMI
33193,Miami,Miami-Dade,MIAMI
33194,Miami,Miami-Dade,MIAMI
33195,Miami,Miami-Dade,MIAMI
33196,Miami,Miami-Dade,MIAMI
33197,Miami,Miami-Dade,MIAMI
33198,Miami,Miami-Dade,MIAMI
33199,Miami,Miami-Dade,MIAMI
33206,Miami,Miami-Dade,MIAMI
33222,Miami,Miami-Dade,MIAMI
33231,Miami,Miami-Dade,MIAMI
33233,Miami,Miami-Dade,MIAMI
33234,Miami,Miami-Dade,MIAMI
33238,Miami,Miami-Dade,MIAMI
33242,Miami,Miami-Dade,MIAMI
33243,Miami,Miami-Dade,MIAMI
33245,Miami,Miami-Dade,MIAMI
33247,Miami,Miami-Dade,MIAMI
33255,Miami,Miami-Dade,MIAMI
33256,Miami,Miami-Dade,MIAMI
33257,Miami,Miami-Dade,MIAMI
33261,Miami,Miami-Dade,MIAMI
33265,Miami,Miami-Dade,MIAMI
33266,Miami,Miami-Dade,MIAMI
33269,Miami,Miami-Dade,MIAMI
33280,Miami,Miami-Dade,MIAMI
33283,Miami,Miami-Dade,MIAMI
33296,Miami,Miami-Dade,MIAMI
33299,Miami,Miami-Dade,MIAMI
33301,Fort Lauderdale,Broward,FTLAU
33302,Fort Lauderdale,Broward,FTLAU
33303,Fort Lauderdale,Broward,FTLAU
33304,Fort Lauderdale,Broward,FTLAU
33305,Fort Lauderdale,Broward,FTLAU
33306,Fort Lauderdale,Broward,FTLAU
33307,Fort Lauderdale,Broward,FTLAU
33308,Fort Lauderdale,Broward,FTLAU
33309,Fort Lauderdale,Broward,FTLAU
33310,Fort Lauderdale,Broward,FTLAU
33311,Fort Lauderdale,Broward,FTLAU
33312,Fort Lauderdale,Broward,FTLAU
33313,Fort Lauderdale,Broward,FTLAU
33314,Fort Lauderdale,Broward,FTLAU
33315,Fort Lauderdale,Broward,FTLAU
33316,Fort Lauderdale,Broward,FTLAU
33317,Fort Lauderdale,Broward,FTLAU
33318,Fort Lauderdale,Broward,FTLAU
33319,Fort Lauderdale,Broward,FTLAU
33320,Fort Lauderdale,Broward,FTLAU
33321,Fort Lauderdale,Broward,FTLAU
33322,Fort Lauderdale,Broward,FTLAU
33323,Fort Lauderdale,Broward,FTLAU
33324,Fort Lauderdale,Broward,FTLAU
33325,Fort Lauderdale,Broward,FTLAU
33326,Fort Lauderdale,Broward,FTLAU
33327,Fort Lauderdale,Broward,FTLAU
33328,Fort Lauderdale,Broward,FTLAU
33329,Fort Lauderdale,Broward,FTLAU
33330,Fort Lauderdale,Broward,FTLAU
33331,Fort Lauderdale,Broward,FTLAU
33332,Fort Lauderdale,Broward,FTLAU
33334,Fort Lauderdale,Broward,FTLAU
33335,Fort Lauderdale,Broward,FTLAU
33336,Fort Lauderdale,Broward,FTLAU
33337,Fort Lauderdale,Broward,FTLAU
33338,Fort Lauderdale,Broward,FTLAU
33339,Fort Lauderdale,Broward,FTLAU
33340,Fort Lauderdale,Broward,FTLAU
33345,Fort Lauderdale,Broward,FTLAU
33346,Fort Lauderdale,Broward,FTLAU
33348,Fort Lauderdale,Broward,FTLAU
33349,Fort Lauderdale,Broward,FTLAU
33351,Fort Lauderdale,Broward,FTLAU
33355,Fort Lauderdale,Broward,FTLAU
33359,Fort Lauderdale,Broward,FTLAU
33388,Plantation,Broward,FTLAU
33394,Fort Lauderdale,Broward,FTLAU
33402,West Palm Beach,Palm Beach,BOCA
33403,West Palm Beach,Palm Beach,BOCA
33404,Riviera Beach,Palm Beach,BOCA
33405,West Palm Beach,Palm Beach,BOCA
33406,West Palm Beach,Palm Beach,BOCA
33407,Riviera Beach,Palm Beach,BOCA
33408,North Palm Beach,Palm Beach,BOCA
33409,West Palm Beach,Palm Beach,BOCA
33410,Riviera Beach,Palm Beach,BOCA
33411,West Palm Beach,Palm Beach,BOCA
33412,West Palm Beach,Palm Beach,BOCA
33413,West Palm Beach,Palm Beach,BOCA
33414,Wellington,Palm Beach,BOCA
33415,West Palm Beach,Palm Beach,BOCA
33416,West Palm Beach,Palm Beach,BOCA
33417,West Palm Beach,Palm Beach,BOCA
33418,Riviera Beach,Palm Beach,BOCA
33419,West Palm Beach,Palm Beach,BOCA
33420,West Palm Beach,Palm Beach,BOCA
33421,Royal Palm Beach,Palm Beach,BOCA
33422,West Palm Beach,Palm Beach,BOCA
33424,Boynton Beach,Palm Beach,BOCA
33425,Boynton Beach,Palm Beach,BOCA
33426,Boynton Beach,Palm Beach,BOCA
33427,Boca Raton,Palm Beach,BOCA
33428,Boca Raton,Palm Beach,BOCA
33429,Boca Raton,Palm Beach,BOCA
33431,Boca Raton,Palm Beach,BOCA
33432,Boca Raton,Palm Beach,BOCA
33433,Boca Raton,Palm Beach,BOCA
33434,Boca Raton,Palm Beach,BOCA
33435,Boynton Beach,Palm Beach,BOCA
33436,Boynton Beach,Palm Beach,BOCA
33437,Boynton Beach,Palm Beach,BOCA
33439,Canal Point,Palm Beach,BOCA
33441,Deerfield Beach,Broward,FTLAU
33442,Deerfield Beach,Broward,FTLAU
33443,Deerfield Beach,Broward,FTLAU
33444,Delray Beach,Palm Beach,BOCA
33445,Delray Beach,Palm Beach,BOCA
33446,Delray Beach,Palm Beach,BOCA
33447,Delray Beach,Palm Beach,BOCA
33448,Delray Beach,Palm Beach,BOCA
33449,Lake Worth,Palm Beach,BOCA
33454,Greenacres,Palm Beach,BOCA
33455,Hobe Sound,Martin,BOCA
33458,Jupiter,Palm Beach,BOCA
33460,Lake Worth,Palm Beach,BOCA
33461,Lake Worth,Palm Beach,BOCA
33462,Lake Worth,Palm Beach,BOCA
33463,Lake Worth,Palm Beach,BOCA
33464,Boca Raton,Palm Beach,BOCA
33465,Lake Worth,Palm Beach,BOCA
33466,Lake Worth,Palm Beach,BOCA
33467,Lake Worth,Palm Beach,BOCA
33468,Jupiter,Palm Beach,BOCA
33469,Jupiter,Palm Beach,BOCA
33470,Loxahatchee,Palm Beach,BOCA
33471,Moore Haven,Glades,FTMYR
33472,Boynton Beach,Palm Beach,BOCA
33473,Boynton Beach,Palm Beach,BOCA
33474,Boynton Beach,Palm Beach,BOCA
33475,Hobe Sound,Martin,BOCA
33477,Jupiter,Palm Beach,BOCA
33478,Jupiter,Palm Beach,BOCA
33480,Palm Beach,Palm Beach,BOCA
33481,Boca Raton,Palm Beach,BOCA
33482,Delray Beach,Palm Beach,BOCA
33483,Delray Beach,Palm Beach,BOCA
33484,Delray Beach,Palm Beach,BOCA
33486,Boca Raton,Palm Beach,BOCA
33487,Boca Raton,Palm Beach,BOCA
33488,Boca Raton,Palm Beach,BOCA
33496,Boca Raton,Palm Beach,BOCA
33497,Boca Raton,Palm Beach,BOCA
33498,Boca Raton,Palm Beach,BOCA
33499,Boca Raton,Palm Beach,BOCA
33503,Balm,Hillsborough,STPET
33508,Brandon,Hillsborough,STPET
33509,Brandon,Hillsborough,STPET
33510,Brandon,Hillsborough,STPET
33511,Brandon,Hillsborough,STPET
33513,Bushnell,Sumter,ORL
33514,Center Hill,Sumter,ORL
33521,Coleman,Sumter,ORL
33523,Dade City,Pasco,STPET
33524,Crystal Springs,Pasco,STPET
33525,Dade City,Pasco,STPET
33526,Dade City,Pasco,STPET
33527,Dover,Hillsborough,STPET
33530,Durant,Hillsborough,STPET
33534,Gibsonton,Hillsborough,STPET
33537,Lacoochee,Pasco,STPET
33538,Lake Panasoffkee,Sumter,ORL
33539,Zephyrhills,Pasco,STPET
33540,Zephyrhills,Pasco,STPET
33541,Zephyrhills,Pasco,STPET
33542,Zephyrhills,Pasco,STPET
33543,Wesley Chapel,Pasco,STPET
33544,Wesley Chapel,Pasco,STPET
33545,Zephyrhills,Pasco,STPET
33547,Lithia,Hillsborough,STPET
33548,Lutz,Hillsborough,STPET
33549,Lutz,Hillsborough,STPET
33550,Mango,Hillsborough,STPET
33556,Odessa,Hillsborough,STPET
33558,Lutz,Hillsborough,STPET
33559,Lutz,Hillsborough,STPET
33563,Plant City,Hillsborough,STPET
33564,Plant City,Hillsborough,STPET
33565,Plant City,Hillsborough,STPET
33566,Plant City,Hillsborough,STPET
33567,Plant City,Hillsborough,STPET
33568,Riverview,Hillsborough,STPET
33569,Riverview,Hillsborough,STPET
33570,Ruskin,Hillsborough,STPET
33571,Sun City Center,Hillsborough,STPET
33572,Apollo Beach,Hillsborough,STPET
33573,Sun City Center,Hillsborough,STPET
33574,Saint Leo,Pasco,STPET
33575,Ruskin,Hillsborough,STPET
33576,San Antonio,Pasco,STPET
33578,Riverview,Hillsborough,STPET
33579,Riverview,Hillsborough,STPET
33583,Seffner,Hillsborough,STPET
33584,Seffner,Hillsborough,STPET
33585,Sumterville,Sumter,ORL
33586,Sun City,Hillsborough,STPET
33587,Sydney,Hillsborough,STPET
33592,Thonotosassa,Hillsborough,STPET
33593,Trilby,Pasco,STPET
33594,Valrico,Hillsborough,STPET
33595,Valrico,Hillsborough,STPET
33596,Valrico,Hillsborough,STPET
33597,Webster,Sumter,ORL
33598,Wimauma,Hillsborough,STPET
33601,Tampa,Hillsborough,STPET
33602,Tampa,Hillsborough,STPET
33603,Tampa,Hillsborough,STPET
33604,Tampa,Hillsborough,STPET
33605,Tampa,Hillsborough,STPET
33606,Tampa,Hillsborough,STPET
33607,Tampa,Hillsborough,STPET
33608,Tampa,Hillsborough,STPET
33609,Tampa,Hillsborough,STPET
33610,Tampa,Hillsborough,STPET
33611,Tampa,Hillsborough,STPET
33612,Tampa,Hillsborough,STPET
33613,Tampa,Hillsborough,STPET
33614,Tampa,Hillsborough,STPET
33615,Tampa,Hillsborough,STPET
33616,Tampa,Hillsborough,STPET
33617,Tampa,Hillsborough,STPET
33618,Tampa,Hillsborough,STPET
33619,Tampa,Hillsborough,STPET
33620,Tampa,Hillsborough,STPET
33621,Tampa,Hillsborough,STPET
33622,Tampa,Hillsborough,STPET
33623,Tampa,Hillsborough,STPET
33624,Tampa,Hillsborough,STPET
33625,Tampa,Hillsborough,STPET
33626,Tampa,Hillsborough,STPET
33629,Tampa,Hillsborough,STPET
33630,Tampa,Hillsborough,STPET
33631,Tampa,Hillsborough,STPET
33633,Tampa,Hillsborough,STPET
33634,Tampa,Hillsborough,STPET
33635,Tampa,Hillsborough,STPET
33637,Tampa,Hillsborough,STPET
33646,Tampa,Hillsborough,STPET
33647,Tampa,Hillsborough,STPET
33650,Tampa,Hillsborough,STPET
33651,Tampa,Hillsborough,STPET
33655,Tampa,Hillsborough,STPET
33660,Tampa,Hillsborough,STPET
33661,Tampa,Hillsborough,STPET
33662,Tampa,Hillsborough,STPET
33663,Tampa,Hillsborough,STPET
33664,Tampa,Hillsborough,STPET
33672,Tampa,Hillsborough,STPET
33673,Tampa,Hillsborough,STPET
33674,Tampa,Hillsborough,STPET
33675,Tampa,Hillsborough,STPET
33677,Tampa,Hillsborough,STPET
33679,Tampa,Hillsborough,STPET
33680,Tampa,Hillsborough,STPET
33681,Tampa,Hillsborough,STPET
33682,Tampa,Hillsborough,STPET
33684,Tampa,Hillsborough,STPET
33685,Tampa,Hillsborough,STPET
33686,Tampa,Hillsborough,STPET
33687,Tampa,Hillsborough,STPET
33688,Tampa,Hillsborough,STPET
33689,Tampa,Hillsborough,STPET
33690,Tampa,Hillsborough,STPET
33694,Tampa,Hillsborough,STPET
33697,Tampa,Hillsborough,STPET
33701,Saint Petersburg,Pinellas,STPET
33702,Saint Petersburg,Pinellas,STPET
33703,Saint Petersburg,Pinellas,STPET
33704,Saint Petersburg,Pinellas,STPET
33705,Saint Petersburg,Pinellas,STPET
33706,Saint Petersburg,Pinellas,STPET
33707,Saint Petersburg,Pinellas,STPET
33708,Saint Petersburg,Pinellas,STPET
33709,Saint Petersburg,Pinellas,STPET
33710,Saint Petersburg,Pinellas,STPET
33711,Saint Petersburg,Pinellas,STPET
33712,Saint Petersburg,Pinellas,STPET
33713,Saint Petersburg,Pinellas,STPET
33714,Saint Petersburg,Pinellas,STPET
33715,Saint Petersburg,Pinellas,STPET
33716,Saint Petersburg,Pinellas,STPET
33728,Saint Petersburg,Pinellas,STPET
33729,Saint Petersburg,Pinellas,STPET
33730,Saint Petersburg,Pinellas,STPET
33731,Saint Petersburg,Pinellas,STPET
33732,Saint Petersburg,Pinellas,STPET
33733,Saint Petersburg,Pinellas,STPET
33734,Saint Petersburg,Pinellas,STPET
33736,Saint Petersburg,Pinellas,STPET
33737,Saint Petersburg,Pinellas,STPET
33738,Saint Petersburg,Pinellas,STPET
33740,Saint Petersburg,Pinellas,STPET
33741,Saint Petersburg,Pinellas,STPET
33742,Saint Petersburg,Pinellas,STPET
33743,Saint Petersburg,Pinellas,STPET
33744,Bay Pines,Pinellas,STPET
33747,Saint Petersburg,Pinellas,STPET
33755,Clearwater,Pinellas,STPET
33756,Clearwater,Pinellas,STPET
33757,Clearwater,Pinellas,STPET
33758,Clearwater,Pinellas,STPET
33759,Clearwater,Pinellas,STPET
33760,Clearwater,Pinellas,STPET
33761,Clearwater,Pinellas,STPET
33762,Clearwater,Pinellas,STPET
33763,Clearwater,Pinellas,STPET
33764,Clearwater,Pinellas,STPET
33765,Clearwater,Pinellas,STPET
33766,Clearwater,Pinellas,STPET
33767,Clearwater Beach,Pinellas,STPET
33769,Clearwater,Pinellas,STPET
33770,Largo,Pinellas,STPET
33771,Largo,Pinellas,STPET
33772,Seminole,Pinellas,STPET
33773,Largo,Pinellas,STPET
33774,Largo,Pinellas,STPET
33775,Seminole,Pinellas,STPET
33776,Seminole,Pinellas,STPET
33777,Seminole,Pinellas,STPET
33778,Largo,Pinellas,STPET
33779,Largo,Pinellas,STPET
33780,Pinellas Park,Pinellas,STPET
33781,Pinellas Park,Pinellas,STPET
33782,Pinellas Park,Pinellas,STPET
33784,Saint Petersburg,Pinellas,STPET
33785,Indian Rocks Beach,Pinellas,STPET
33786,Belleair Beach,Pinellas,STPET
33801,Lakeland,Polk,LAKE
33802,Lakeland,Polk,LAKE
33803,Lakeland,Polk,LAKE
33804,Lakeland,Polk,LAKE
33805,Lakeland,Polk,LAKE
33806,Lakeland,Polk,LAKE
33807,Lakeland,Polk,LAKE
33809,Lakeland,Polk,LAKE
33810,Lakeland,Polk,LAKE
33811,Lakeland,Polk,LAKE
33812,Lakeland,Polk,LAKE
33813,Lakeland,Polk,LAKE
33815,Lakeland,Polk,LAKE
33820,Alturas,Polk,LAKE
33823,Auburndale,Polk,LAKE
33827,Babson Park,Polk,LAKE
33830,Bartow,Polk,LAKE
33831,Bartow,Polk,LAKE
33834,Bowling Green,Hardee,LAKE
33835,Bradley,Polk,LAKE
33836,Davenport,Polk,LAKE
33837,Davenport,Polk,LAKE
33838,Dundee,Polk,LAKE
33839,Eagle Lake,Polk,LAKE
33840,Eaton Park,Polk,LAKE
33841,Fort Meade,Polk,LAKE
33843,Frostproof,Polk,LAKE
33844,Haines City,Polk,LAKE
33845,Haines City,Polk,LAKE
33846,Highland City,Polk,LAKE
33847,Homeland,Polk,LAKE
33848,Intercession City,Osceola,ORL
33849,Kathleen,Polk,LAKE
33850,Lake Alfred,Polk,LAKE
33851,Lake Hamilton,Polk,LAKE
33852,Lake Placid,Highlands,FTMYR
33853,Lake Wales,Polk,LAKE
33854,Lakeshore,Polk,LAKE
33855,Indian Lake Estates,Polk,LAKE
33856,Nalcrest,Polk,LAKE
33858,Loughman,Polk,LAKE
33859,Lake Wales,Polk,LAKE
33860,Mulberry,Polk,LAKE
33863,Nichols,Polk,LAKE
33865,Ona,Hardee,LAKE
33867,River Ranch,Polk,LAKE
33868,Polk City,Polk,LAKE
33873,Wauchula,Hardee,LAKE
33877,Waverly,Polk,LAKE
33880,Winter Haven,Polk,LAKE
33881,Winter Haven,Polk,LAKE
33882,Winter Haven,Polk,LAKE
33883,Winter Haven,Polk,LAKE
33884,Winter Haven,Polk,LAKE
33885,Winter Haven,Polk,LAKE
33888,Winter Haven,Polk,LAKE
33890,Zolfo Springs,Hardee,LAKE
33896,Davenport,Polk,LAKE
33897,Davenport,Polk,LAKE
33898,Lake Wales,Polk,LAKE
33901,Fort Myers,Lee,FTMYR
33902,Fort Myers,Lee,FTMYR
33903,North Fort Myers,Lee,FTMYR
33904,Cape Coral,Lee,FTMYR
33905,Fort Myers,Lee,FTMYR
33906,Fort Myers,Lee,FTMYR
33907,Fort Myers,Lee,FTMYR
33908,Fort Myers,Lee,FTMYR
33909,Cape Coral,Lee,FTMYR
33910,Cape Coral,Lee,FTMYR
33911,Fort Myers,Lee,FTMYR
33912,Fort Myers,Lee,FTMYR
33913,Fort Myers,Lee,FTMYR
33914,Cape Coral,Lee,FTMYR
33915,Cape Coral,Lee,FTMYR
33916,Fort Myers,Lee,FTMYR
33917,North Fort Myers,Lee,FTMYR
33918,North Fort Myers,Lee,FTMYR
33919,Fort Myers,Lee,FTMYR
33920,Alva,Lee,FTMYR
33921,Boca Grande,Lee,FTMYR
33922,Bokeelia,Lee,FTMYR
33924,Captiva,Lee,FTMYR
33927,El Jobean,Charlotte,FTMYR
33928,Estero,Lee,FTMYR
33931,Fort Myers Beach,Lee,FTMYR
33932,Fort Myers Beach,Lee,FTMYR
33935,Labelle,Hendry,FTMYR
33936,Lehigh Acres,Lee,FTMYR
33938,Murdock,Charlotte,FTMYR
33946,Placida,Charlotte,FTMYR
33947,Rotonda West,Charlotte,FTMYR
33948,Port Charlotte,Charlotte,FTMYR
33949,Port Charlotte,Charlotte,FTMYR
33950,Punta Gorda,Charlotte,FTMYR
33951,Punta Gorda,Charlotte,FTMYR
33952,Port Charlotte,Charlotte,FTMYR
33953,Port Charlotte,Charlotte,FTMYR
33954,Port Charlotte,Charlotte,FTMYR
33955,Punta Gorda,Charlotte,FTMYR
33956,Saint James City,Lee,FTMYR
33957,Sanibel,Lee,FTMYR
33965,Fort Myers,Lee,FTMYR
33966,Fort Myers,Lee,FTMYR
33967,Fort Myers,Lee,FTMYR
33970,Lehigh Acres,Lee,FTMYR
33971,Lehigh Acres,Lee,FTMYR
33972,Lehigh Acres,Lee,FTMYR
33973,Lehigh Acres,Lee,FTMYR
33974,Lehigh Acres,Lee,FTMYR
33976,Lehigh Acres,Lee,FTMYR
33980,Port Charlotte,Charlotte,FTMYR
33981,Port Charlotte,Charlotte,FTMYR
33982,Punta Gorda,Charlotte,FTMYR
33983,Punta Gorda,Charlotte,FTMYR
33990,Cape Coral,Lee,FTMYR
33991,Cape Coral,Lee,FTMYR
33993,Cape Coral,Lee,FTMYR
33994,Fort Myers,Lee,FTMYR
34101,Naples,Collier,FTMYR
34102,Naples,Collier,FTMYR
34103,Naples,Collier,FTMYR
34104,Naples,Collier,FTMYR
34105,Naples,Collier,FTMYR
34106,Naples,Collier,FTMYR
34107,Naples,Collier,FTMYR
34108,Naples,Collier,FTMYR
34109,Naples,Collier,FTMYR
34110,Naples,Collier,FTMYR
34112,Naples,Collier,FTMYR
34116,Naples,Collier,FTMYR
34117,Naples,Collier,FTMYR
34119,Naples,Collier,FTMYR
34120,Naples,Collier,FTMYR
34133,Bonita Springs,Lee,FTMYR
34134,Bonita Springs,Lee,FTMYR
34135,Bonita Springs,Lee,FTMYR
34136,Bonita Springs,Lee,FTMYR
34140,Goodland,Collier,FTMYR
34142,Immokalee,Collier,FTMYR
34143,Immokalee,Collier,FTMYR
34146,Marco Island,Collier,FTMYR
34201,Bradenton,Manatee,SAR
34202,Bradenton,Manatee,SAR
34203,Bradenton,Manatee,SAR
34204,Bradenton,Manatee,SAR
34205,Bradenton,Manatee,SAR
34206,Bradenton,Manatee,SAR
34207,Bradenton,Manatee,SAR
34208,Bradenton,Manatee,SAR
34209,Bradenton,Manatee,SAR
34210,Bradenton,Manatee,SAR
34211,Bradenton,Manatee,SAR
34212,Bradenton,Manatee,SAR
34215,Cortez,Manatee,SAR
34216,Anna Maria,Manatee,SAR
34217,Bradenton Beach,Manatee,SAR
34218,Holmes Beach,Manatee,SAR
34219,Parrish,Manatee,SAR
34220,Palmetto,Manatee,SAR
34221,Palmetto,Manatee,SAR
34222,Ellenton,Manatee,SAR
34223,Englewood,Sarasota,SAR
34224,Englewood,Charlotte,FTMYR
34228,Longboat Key,Manatee,SAR
34229,Osprey,Sarasota,SAR
34230,Sarasota,Sarasota,SAR
34231,Sarasota,Sarasota,SAR
34232,Sarasota,Sarasota,SAR
34233,Sarasota,Sarasota,SAR
34234,Sarasota,Sarasota,SAR
34235,Sarasota,Sarasota,SAR
34236,Sarasota,Sarasota,SAR
34237,Sarasota,Sarasota,SAR
34238,Sarasota,Sarasota,SAR
34239,Sarasota,Sarasota,SAR
34240,Sarasota,Sarasota,SAR
34241,Sarasota,Sarasota,SAR
34242,Sarasota,Sarasota,SAR
34243,Sarasota,Manatee,SAR
34250,Terra Ceia,Manatee,SAR
34251,Myakka City,Manatee,SAR
34260,Sarasota,Manatee,SAR
34264,Oneco,Manatee,SAR
34266,Arcadia,De Soto,SAR
34269,Arcadia,De Soto,SAR
34270,Tallevast,Manatee,SAR
34272,Laurel,Sarasota,SAR
34274,Nokomis,Sarasota,SAR
34275,Nokomis,Sarasota,SAR
34276,Sarasota,Sarasota,SAR
34277,Sarasota,Sarasota,SAR
34278,Sarasota,Sarasota,SAR
34280,Bradenton,Manatee,SAR
34281,Bradenton,Manatee,SAR
34282,Bradenton,Manatee,SAR
34284,Venice,Sarasota,SAR
34285,Venice,Sarasota,SAR
34286,North Port,Sarasota,SAR
34287,North Port,Sarasota,SAR
34288,North Port,Sarasota,SAR
34289,North Port,Sarasota,SAR
34291,Venice,Sarasota,SAR
34292,Venice,Sarasota,SAR
34293,Venice,Sarasota,SAR
34295,Englewood,Sarasota,SAR
34420,Belleview,Marion,ORL
34421,Belleview,Marion,ORL
34432,Dunnellon,Marion,ORL
34434,Dunnellon,Citrus,ORL
34436,Floral City,Citrus,ORL
34441,Hernando,Citrus,ORL
34442,Hernando,Citrus,ORL
34445,Holder,Citrus,ORL
34450,Inverness,Citrus,ORL
34451,Inverness,Citrus,ORL
34452,Inverness,Citrus,ORL
34453,Inverness,Citrus,ORL
34461,Lecanto,Citrus,ORL
34464,Beverly Hills,Citrus,ORL
34465,Beverly Hills,Citrus,ORL
34470,Ocala,Marion,ORL
34471,Ocala,Marion,ORL
34472,Ocala,Marion,ORL
34473,Ocala,Marion,ORL
34474,Ocala,Marion,ORL
34475,Ocala,Marion,ORL
34476,Ocala,Marion,ORL
34477,Ocala,Marion,ORL
34478,Ocala,Marion,ORL
34479,Ocala,Marion,ORL
34480,Ocala,Marion,ORL
34481,Ocala,Marion,ORL
34482,Ocala,Marion,ORL
34483,Ocala,Marion,ORL
34484,Oxford,Sumter,ORL
34488,Silver Springs,Marion,ORL
34489,Silver Springs,Marion,ORL
34491,Summerfield,Marion,ORL
34492,Summerfield,Marion,ORL
34601,Brooksville,Hernando,STPET
34602,Brooksville,Hernando,STPET
34603,Brooksville,Hernando,STPET
34604,Brooksville,Hernando,STPET
34605,Brooksville,Hernando,STPET
34606,Spring Hill,Hernando,STPET
34607,Spring Hill,Hernando,STPET
34608,Spring Hill,Hernando,STPET
34609,Spring Hill,Hernando,STPET
34610,Spring Hill,Pasco,STPET
34611,Spring Hill,Hernando,STPET
34613,Brooksville,Hernando,STPET
34614,Brooksville,Hernando,STPET
34636,Istachatta,Hernando,STPET
34637,Land O Lakes,Pasco,STPET
34638,Land O Lakes,Pasco,STPET
34639,Land O Lakes,Pasco,STPET
34652,New Port Richey,Pasco,STPET
34653,New Port Richey,Pasco,STPET
34654,New Port Richey,Pasco,STPET
34655,New Port Richey,Pasco,STPET
34656,New Port Richey,Pasco,STPET
34660,Ozona,Pinellas,STPET
34661,Nobleton,Hernando,STPET
34665,New Port Richey,Pasco,STPET
34667,Hudson,Pasco,STPET
34668,Port Richey,Pasco,STPET
34669,Hudson,Pasco,STPET
34673,Port Richey,Pasco,STPET
34674,Hudson,Pasco,STPET
34677,Oldsmar,Pinellas,STPET
34679,Aripeka,Pasco,STPET
34680,Elfers,Pasco,STPET
34681,Crystal Beach,Pinellas,STPET
34682,Palm Harbor,Pinellas,STPET
34683,Palm Harbor,Pinellas,STPET
34684,Palm Harbor,Pinellas,STPET
34685,Palm Harbor,Pinellas,STPET
34688,Tarpon Springs,Pinellas,STPET
34689,Tarpon Springs,Pinellas,STPET
34690,Holiday,Pasco,STPET
34691,Holiday,Pasco,STPET
34692,Holiday,Pasco,STPET
34695,Safety Harbor,Pinellas,STPET
34697,Dunedin,Pinellas,STPET
34698,Dunedin,Pinellas,STPET
34705,Astatula,Lake,ORL
34711,Clermont,Lake,ORL
34712,Clermont,Lake,ORL
34713,Clermont,Lake,ORL
34714,Clermont,Lake,ORL
34715,Clermont,Lake,ORL
34729,Ferndale,Lake,ORL
34731,Fruitland Park,Lake,ORL
34734,Gotha,Orange,ORL
34736,Groveland,Lake,ORL
34737,Howey In The Hills,Lake,ORL
34740,Killarney,Orange,ORL
34741,Kissimmee,Osceola,ORL
34742,Kissimmee,Osceola,ORL
34743,Kissimmee,Osceola,ORL
34744,Kissimmee,Osceola,ORL
34745,Kissimmee,Osceola,ORL
34746,Kissimmee,Osceola,ORL
34747,Kissimmee,Osceola,ORL
34748,Leesburg,Lake,ORL
34749,Leesburg,Lake,ORL
34753,Mascotte,Lake,ORL
34755,Minneola,Lake,ORL
34756,Montverde,Lake,ORL
34758,Kissimmee,Osceola,ORL
34759,Kissimmee,Polk,LAKE
34760,Oakland,Orange,ORL
34761,Ocoee,Orange,ORL
34762,The Villages,Lake,ORL
34769,Saint Cloud,Osceola,ORL
34770,Saint Cloud,Osceola,ORL
34771,Saint Cloud,Osceola,ORL
34772,Saint Cloud,Osceola,ORL
34773,Saint Cloud,Osceola,ORL
34777,Winter Garden,Orange,ORL
34778,Winter Garden,Orange,ORL
34785,Wildwood,Sumter,ORL
34786,Windermere,Orange,ORL
34787,Winter Garden,Orange,ORL
34788,Leesburg,Lake,ORL
34789,Leesburg,Lake,ORL
34797,Yalaha,Lake,ORL
34952,Port Saint Lucie,Martin,BOCA
34953,Port Saint Lucie,Martin,BOCA
34957,Port Saint Lucie,Martin,BOCA
34958,Jensen Beach,Martin,BOCA
34982,Fort Pierce,Saint Lucie,BOCA
34983,Port Saint Lucie,Martin,BOCA
34984,Port Saint Lucie,Martin,BOCA
34986,Port Saint Lucie,Martin,BOCA
34987,Port Saint Lucie,Martin,BOCA
34990,Palm City,Martin,BOCA
34991,Palm City,Martin,BOCA
34992,Port Salerno,Martin,BOCA
34994,Stuart,Martin,BOCA
34995,Stuart,Martin,BOCA
34996,Stuart,Martin,BOCA
34997,Stuart,Martin,BOCA
